,M2,M3,M4
SVQEIQATFFYFTPN(N-Glycosylation)K{Fuc:1; Hex:6; HexNAc:5; Neu5Ac:2},13378282.93,13879666.48,8160503.543
SVQEIQATFFYFTPN(N-Glycosylation)K{Fuc:1; Hex:6; HexNAc:5; Neu5Ac:3},58016846.72,58101510.18,41730306.03
SVQEIQATFFYFTPN(N-Glycosylation)K{Fuc:1; Hex:7; HexNAc:6; Neu5Ac:2},25405321.04,26969968.55,13608086.59
SVQEIQATFFYFTPN(N-Glycosylation)K{Fuc:1; Hex:7; HexNAc:6; Neu5Ac:3},45735929.76,45460067.18,30620352.84
SVQEIQATFFYFTPN(N-Glycosylation)K{Fuc:1; Hex:7; HexNAc:6; Neu5Ac:4},73344595.98,66917592.31,42054039.3
SVQEIQATFFYFTPN(N-Glycosylation)K{Fuc:1; Hex:8; HexNAc:7; Neu5Ac:3},NA,NA,4275962.402
SVQEIQATFFYFTPN(N-Glycosylation)K{Fuc:1; Hex:8; HexNAc:7; Neu5Ac:4},NA,4270552.417,NA
SVQEIQATFFYFTPN(N-Glycosylation)K{Fuc:2; Hex:7; HexNAc:6; Neu5Ac:3},NA,NA,62276.6377
SVQEIQATFFYFTPN(N-Glycosylation)K{Fuc:2; Hex:7; HexNAc:6; Neu5Ac:4},12754707.8,11765746.01,NA
SVQEIQATFFYFTPN(N-Glycosylation)K{Fuc:3; Hex:7; HexNAc:6; Neu5Ac:3},NA,18814.44775,NA
SVQEIQATFFYFTPN(N-Glycosylation)K{Hex:5; HexNAc:4; Neu5Ac:1},10494512.64,9112964.99,9995234.469
SVQEIQATFFYFTPN(N-Glycosylation)K{Hex:5; HexNAc:4; Neu5Ac:2},122403338.6,86080556.66,86331840.81
SVQEIQATFFYFTPN(N-Glycosylation)K{Hex:6; HexNAc:5; Neu5Ac:2},93446728.77,102224034.6,61574979.1
SVQEIQATFFYFTPN(N-Glycosylation)K{Hex:6; HexNAc:5; Neu5Ac:3},326939333.7,322313124.4,226689640.8
SVQEIQATFFYFTPN(N-Glycosylation)K{Hex:7; HexNAc:6; Neu5Ac:2},164113094.9,175260981,94928134.9
SVQEIQATFFYFTPN(N-Glycosylation)K{Hex:7; HexNAc:6; Neu5Ac:3},217452624.4,221714906.5,170502597.6
SVQEIQATFFYFTPN(N-Glycosylation)K{Hex:7; HexNAc:6; Neu5Ac:4},308515010.7,281232312,173526082.4
SVQEIQATFFYFTPN(N-Glycosylation)K{Hex:8; HexNAc:7; Neu5Ac:3},36555766.29,36509695.88,18331393.75
SVQEIQATFFYFTPN(N-Glycosylation)K{Hex:8; HexNAc:7; Neu5Ac:4},26486393.46,26200020.65,18264427.73
