"","M2","M3","M4"
"SVQEIQATFFYFTPN(N-Glycosylation)K{Fuc:1; Hex:6; HexNAc:5; Neu5Ac:2}",NA,13879666.4813,NA
"SVQEIQATFFYFTPN(N-Glycosylation)K{Fuc:1; Hex:6; HexNAc:5; Neu5Ac:3}",58016846.7235,58100059.0653,41730306.0334
"SVQEIQATFFYFTPN(N-Glycosylation)K{Fuc:1; Hex:7; HexNAc:6; Neu5Ac:2}",25405321.0398,26969968.5466,13608086.5862
"SVQEIQATFFYFTPN(N-Glycosylation)K{Fuc:1; Hex:7; HexNAc:6; Neu5Ac:3}",45734344.1626,45460067.1823,30620352.8447
"SVQEIQATFFYFTPN(N-Glycosylation)K{Fuc:1; Hex:7; HexNAc:6; Neu5Ac:4}",73344595.98,66914485.7944,42052573.2574
"SVQEIQATFFYFTPN(N-Glycosylation)K{Hex:5; HexNAc:4; Neu5Ac:1}",NA,NA,9995234.46851
"SVQEIQATFFYFTPN(N-Glycosylation)K{Hex:5; HexNAc:4; Neu5Ac:2}",122398672.225,86065553.8098,86325779.9941
"SVQEIQATFFYFTPN(N-Glycosylation)K{Hex:6; HexNAc:5; Neu5Ac:1}",15954654.9478,15794314.7413,NA
"SVQEIQATFFYFTPN(N-Glycosylation)K{Hex:6; HexNAc:5; Neu5Ac:2}",92938454.1323,102224034.578,60389938.3164
"SVQEIQATFFYFTPN(N-Glycosylation)K{Hex:6; HexNAc:5; Neu5Ac:3}",326240319.322,322227105.93,226613272.757
"SVQEIQATFFYFTPN(N-Glycosylation)K{Hex:7; HexNAc:6; Neu5Ac:1}",24206940.103,24217117.7195,17211403.111
"SVQEIQATFFYFTPN(N-Glycosylation)K{Hex:7; HexNAc:6; Neu5Ac:2}",164113094.918,175259459.642,92464185.0253
"SVQEIQATFFYFTPN(N-Glycosylation)K{Hex:7; HexNAc:6; Neu5Ac:3}",217363127.288,221627137.163,166702095.912
"SVQEIQATFFYFTPN(N-Glycosylation)K{Hex:7; HexNAc:6; Neu5Ac:4}",305883610.408,281220398.289,173513037.803
"SVQEIQATFFYFTPN(N-Glycosylation)K{Hex:8; HexNAc:7; Neu5Ac:2}",NA,9391551.68042,NA
"SVQEIQATFFYFTPN(N-Glycosylation)K{Hex:8; HexNAc:7; Neu5Ac:3}",36555766.2927,36509695.8813,18329938.707
"SVQEIQATFFYFTPN(N-Glycosylation)K{Hex:8; HexNAc:7; Neu5Ac:4}",26486393.4629,NA,NA
