"","Example1_1","Example1_2","Example1_3"
" EN(N-Glycosylation)GTISR{Fuc:1; Hex:7; HexNAc:6; Neu5Ac:4}",0,0,2454601.59399
" EN(N-Glycosylation)GTISR{Hex:7; HexNAc:6; Neu5Ac:4}",5979230.02563,0,9046409.80066
" NEEYN(N-Glycosylation)K{Fuc:1; Hex:6; HexNAc:5; Neu5Ac:3}",922559.630127,687820.916748,1595305.65234
" NEEYN(N-Glycosylation)K{Fuc:2; Hex:5; HexNAc:4; Neu5Ac:1}",0,4536.49658203,0
" NEEYN(N-Glycosylation)K{Fuc:2; Hex:6; HexNAc:5; Neu5Ac:2}",0,3237.171875,0
" NEEYN(N-Glycosylation)K{Fuc:3; Hex:6; HexNAc:5; Neu5Ac:2}",0,13234.1171875,0
" NEEYN(N-Glycosylation)K{Hex:5; HexNAc:4; Neu5Ac:2}",5710249.07336,5050663.26526,7803325.87927
" NEEYN(N-Glycosylation)K{Hex:6; HexNAc:5; Neu5Ac:3}",4172078.22302,3531558.57495,5723043.2522
" QDQC(Carbamidomethyl)IYN(N-Glycosylation)TTYLNVQR{Fuc:1; Hex:6; HexNAc:5; Neu5Ac:3}",8064465.56104,7447040.87964,12787148.7158
" QDQC(Carbamidomethyl)IYN(N-Glycosylation)TTYLNVQR{Fuc:1; Hex:7; HexNAc:6; Neu5Ac:3}",1901059.3667,1888042.40088,2172830.91821
" QDQC(Carbamidomethyl)IYN(N-Glycosylation)TTYLNVQR{Fuc:1; Hex:7; HexNAc:6; Neu5Ac:4}",8926511.17773,10712492.3535,11229164.2266
" QDQC(Carbamidomethyl)IYN(N-Glycosylation)TTYLNVQR{Hex:5; HexNAc:4; Neu5Ac:2}",0,903796.937012,0
" QDQC(Carbamidomethyl)IYN(N-Glycosylation)TTYLNVQR{Hex:6; HexNAc:5; Neu5Ac:2}",3424624.65576,3878207.5957,4745014.17139
" QDQC(Carbamidomethyl)IYN(N-Glycosylation)TTYLNVQR{Hex:6; HexNAc:5; Neu5Ac:3}",30079546.916,33971481.6316,35252331.3464
" QDQC(Carbamidomethyl)IYN(N-Glycosylation)TTYLNVQR{Hex:7; HexNAc:6; Neu5Ac:2}",11584322.0283,12811638.0513,14972400.688
" QDQC(Carbamidomethyl)IYN(N-Glycosylation)TTYLNVQR{Hex:7; HexNAc:6; Neu5Ac:3}",11212309.9351,11955683.8833,12645494.0837
" QDQC(Carbamidomethyl)IYN(N-Glycosylation)TTYLNVQR{Hex:7; HexNAc:6; Neu5Ac:4}",30581004.4814,36384649.0896,38507192.8696
" QDQC(Carbamidomethyl)IYN(N-Glycosylation)TTYLNVQR{Hex:8; HexNAc:7; Neu5Ac:3}",0,4255711.58594,4446780.08496
" QDQC(Carbamidomethyl)IYN(N-Glycosylation)TTYLNVQR{Hex:8; HexNAc:7; Neu5Ac:4}",3307756.44336,4032533.04297,4207904.42847
" SVQEIQATFFYFTPN(N-Glycosylation)K{Fuc:1; Hex:6; HexNAc:5; Neu5Ac:3}",25970690.1113,21204752.4629,24324142.3081
" SVQEIQATFFYFTPN(N-Glycosylation)K{Fuc:1; Hex:7; HexNAc:6; Neu5Ac:2}",7237130.84521,6462856.89648,7937002.15649
" SVQEIQATFFYFTPN(N-Glycosylation)K{Fuc:1; Hex:7; HexNAc:6; Neu5Ac:3}",16763373.6221,14002791.5806,15888236.7129
" SVQEIQATFFYFTPN(N-Glycosylation)K{Fuc:1; Hex:7; HexNAc:6; Neu5Ac:4}",2967103.51953,0,2830734.98364
" SVQEIQATFFYFTPN(N-Glycosylation)K{Fuc:2; Hex:7; HexNAc:6; Neu5Ac:2}",6252.59619141,0,0
" SVQEIQATFFYFTPN(N-Glycosylation)K{Fuc:4; Hex:6; HexNAc:6; Neu5Ac:1}",6733036.14062,0,0
" SVQEIQATFFYFTPN(N-Glycosylation)K{Hex:5; HexNAc:4; Neu5Ac:2}",17684336.7783,24710459.7517,9349683.56128
" SVQEIQATFFYFTPN(N-Glycosylation)K{Hex:6; HexNAc:5; Neu5Ac:1}",1394585.64746,1787043.88818,872426.514648
" SVQEIQATFFYFTPN(N-Glycosylation)K{Hex:6; HexNAc:5; Neu5Ac:2}",28260096.6147,25179362.9199,28868553.2358
" SVQEIQATFFYFTPN(N-Glycosylation)K{Hex:6; HexNAc:5; Neu5Ac:3}",157322644.242,137631068.68,154832075.421
" SVQEIQATFFYFTPN(N-Glycosylation)K{Hex:7; HexNAc:6; Neu5Ac:1}",2079392.15234,0,2225936.35449
" SVQEIQATFFYFTPN(N-Glycosylation)K{Hex:7; HexNAc:6; Neu5Ac:2}",55834743.71,50208374.6802,59941324.5732
" SVQEIQATFFYFTPN(N-Glycosylation)K{Hex:7; HexNAc:6; Neu5Ac:3}",107062458.624,96713125.4891,111149291.942
" SVQEIQATFFYFTPN(N-Glycosylation)K{Hex:7; HexNAc:6; Neu5Ac:4}",49812262.7419,43405060.6362,52214170.5918
" SVQEIQATFFYFTPN(N-Glycosylation)K{Hex:8; HexNAc:7; Neu5Ac:3}",6774297.49658,6160135.69824,0
