"","Example2_1","Example2_2","Example2_3"
" MVSHHN(N-Glycosylation)LTTGATLINEQWLLTTAK{Hex:5; HexNAc:4; Neu5Ac:1}",10019285.4912,4677829.49219,5093487.34961
" MVSHHN(N-Glycosylation)LTTGATLINEQWLLTTAK{Hex:6; HexNAc:5; Neu5Ac:3}",0,16563576.5791,6959293.25391
" NLFLN(N-Glycosylation)HSENATAK{Hex:5; HexNAc:4; Neu5Ac:2}",610987.786865,816215.218262,818012.741577
" NLFLNHSEN(N-Glycosylation)ATAK{Hex:5; HexNAc:4; Neu5Ac:2}",0,816215.218262,0
" VVLHPN(N-Glycosylation)YSQVDIGLIK{Fuc:1; Hex:6; HexNAc:5; Neu5Ac:3}",0,5691045.81104,0
" VVLHPN(N-Glycosylation)YSQVDIGLIK{Hex:4; HexNAc:3; Neu5Ac:1}",2606169.13037,1398251.02148,1585315.13525
" VVLHPN(N-Glycosylation)YSQVDIGLIK{Hex:5; HexNAc:4; Neu5Ac:1}",9980288.98438,0,0
" VVLHPN(N-Glycosylation)YSQVDIGLIK{Hex:5; HexNAc:4; Neu5Ac:2}",160215500.431,93710821.3594,105749791.406
" VVLHPN(N-Glycosylation)YSQVDIGLIK{Hex:6; HexNAc:5; Neu5Ac:1}",6672604.7124,0,7516843.15576
" VVLHPN(N-Glycosylation)YSQVDIGLIK{Hex:6; HexNAc:5; Neu5Ac:2}",32327075.8418,19750745.3252,36330991.7246
" VVLHPN(N-Glycosylation)YSQVDIGLIK{Hex:6; HexNAc:5; Neu5Ac:3}",80422744.6543,89314088.084,76165792.1719
" VVLHPN(N-Glycosylation)YSQVDIGLIK{Hex:7; HexNAc:6; Neu5Ac:2}",0,5775887.99365,4381518.3335
" VVLHPN(N-Glycosylation)YSQVDIGLIK{Hex:7; HexNAc:6; Neu5Ac:3}",0,7202325.03711,2072776.59375
" ADTHDEILEGLNFN(N-Glycosylation)LTEIPEAQIHEGFQELLR{Hex:6; HexNAc:5; Neu5Ac:3}",67770.96875,0,0
" GC(Carbamidomethyl)VLLSYLN(N-Glycosylation)ETVTVSASLESVR{Hex:5; HexNAc:4; Neu5Ac:2}",1208542.46997,1908899.94995,1459457.72339
" SNHVSRTEVSSNHVLIYLDKVSN(N-Glycosylation)QTLSLFFTVLQDVPVR{Fuc:1; Hex:5; HexNAc:4; Neu5Ac:1}",1292889.62109,819536.007812,523984.736328
" SNHVSRTEVSSNHVLIYLDKVSN(N-Glycosylation)QTLSLFFTVLQDVPVR{Hex:5; HexNAc:4; Neu5Ac:2}",1075346.65771,0,0
" TEVSSNHVLIYLDKVSN(N-Glycosylation)QTLSLFFTVLQDVPVR{Fuc:1; Hex:5; HexNAc:4; Neu5Ac:1}",2005971.43066,1830344.9541,1002506.5918
" TEVSSNHVLIYLDKVSN(N-Glycosylation)QTLSLFFTVLQDVPVR{Fuc:1; Hex:5; HexNAc:4; Neu5Ac:2}",486919.264648,241970.162109,226932.907227
" TEVSSNHVLIYLDKVSN(N-Glycosylation)QTLSLFFTVLQDVPVR{Hex:5; HexNAc:4; Neu5Ac:1}",878607.196777,489933.051758,290372.163086
" TEVSSNHVLIYLDKVSN(N-Glycosylation)QTLSLFFTVLQDVPVR{Hex:5; HexNAc:4; Neu5Ac:2}",1848253.03467,2098269.16016,1223925.36621
" TEVSSNHVLIYLDKVSN(N-Glycosylation)QTLSLFFTVLQDVPVR{Hex:6; HexNAc:5; Neu5Ac:2}",46426.8623047,0,0
" TEVSSNHVLIYLDKVSN(N-Glycosylation)QTLSLFFTVLQDVPVR{Hex:6; HexNAc:5; Neu5Ac:3}",541774.457031,283739.742188,1152416.77539
" VSN(N-Glycosylation)QTLSLFFTVLQDVPVR{Fuc:1; Hex:5; HexNAc:4; Neu5Ac:1}",4572334.27466,1835313.36865,2218021.79297
" VSN(N-Glycosylation)QTLSLFFTVLQDVPVR{Fuc:1; Hex:5; HexNAc:4; Neu5Ac:2}",1153514.00977,372014.768066,454058.02832
" VSN(N-Glycosylation)QTLSLFFTVLQDVPVR{Fuc:1; Hex:6; HexNAc:5; Neu5Ac:2}",652941.162598,0,82023.0332031
" VSN(N-Glycosylation)QTLSLFFTVLQDVPVR{Fuc:1; Hex:6; HexNAc:5; Neu5Ac:3}",0,0,481135.575684
" VSN(N-Glycosylation)QTLSLFFTVLQDVPVR{Hex:5; HexNAc:4; Neu5Ac:1}",1499477.16504,0,669528.285156
" VSN(N-Glycosylation)QTLSLFFTVLQDVPVR{Hex:5; HexNAc:4; Neu5Ac:2}",5480323.60107,1983811.34839,2118764.91455
" VSN(N-Glycosylation)QTLSLFFTVLQDVPVR{Hex:6; HexNAc:5; Neu5Ac:3}",2306844.45166,1461425.42578,1802702.10889
" LPPGLLAN(N-Glycosylation)FTLLR{Hex:5; HexNAc:4; Neu5Ac:2}",4799637.72803,2279629.61816,2831777.83301
" QLDMLDLSN(N-Glycosylation)NSLASVPEGLWASLGQPNWDMR{Hex:5; HexNAc:4; Neu5Ac:2}",0,336053.734375,460058.517578
" QLDMLDLSN(N-Glycosylation)NSLASVPEGLWASLGQPNWDMR{Hex:6; HexNAc:5; Neu5Ac:3}",2267727.604,880092.112305,2460578.21582
" SDHGSSISC(Carbamidomethyl)QPPAEIPGYLPADTVHLAVEFFN(N-Glycosylation)LTHLPANLLQGASK{Fuc:1; Hex:6; HexNAc:5; Neu5Ac:3}",34765350.1191,28038376.2256,44904249.4297
" SDHGSSISC(Carbamidomethyl)QPPAEIPGYLPADTVHLAVEFFN(N-Glycosylation)LTHLPANLLQGASK{Hex:5; HexNAc:4; Neu5Ac:2}",12580065.085,1166688.48828,8309197.52832
" SDHGSSISC(Carbamidomethyl)QPPAEIPGYLPADTVHLAVEFFN(N-Glycosylation)LTHLPANLLQGASK{Hex:6; HexNAc:5; Neu5Ac:3}",51426764.8057,38728827.7588,63498697.9443
" SDHGSSISC(Carbamidomethyl)QPPAEIPGYLPADTVHLAVEFFN(N-Glycosylation)LTHLPANLLQGASK{Hex:7; HexNAc:6; Neu5Ac:4}",0,1204037.55518,1853245.45898
" EN(N-Glycosylation)GTISR{Fuc:1; Hex:7; HexNAc:6; Neu5Ac:4}",0,2454601.59399,0
" EN(N-Glycosylation)GTISR{Hex:7; HexNAc:6; Neu5Ac:4}",5979230.02563,9046409.80066,0
" NEEYN(N-Glycosylation)K{Fuc:1; Hex:6; HexNAc:5; Neu5Ac:3}",922559.630127,1595305.65234,687820.916748
" NEEYN(N-Glycosylation)K{Hex:5; HexNAc:4; Neu5Ac:2}",5710249.07336,7803325.87927,5050663.26526
" NEEYN(N-Glycosylation)K{Hex:6; HexNAc:5; Neu5Ac:3}",4172078.22302,5723043.2522,3531558.57495
" QDQC(Carbamidomethyl)IYN(N-Glycosylation)TTYLNVQR{Fuc:1; Hex:6; HexNAc:5; Neu5Ac:3}",8064465.56104,12787148.7158,7447040.87964
" QDQC(Carbamidomethyl)IYN(N-Glycosylation)TTYLNVQR{Fuc:1; Hex:7; HexNAc:6; Neu5Ac:3}",1901059.3667,2172830.91821,1888042.40088
" QDQC(Carbamidomethyl)IYN(N-Glycosylation)TTYLNVQR{Fuc:1; Hex:7; HexNAc:6; Neu5Ac:4}",8926511.17773,11229164.2266,10712492.3535
" QDQC(Carbamidomethyl)IYN(N-Glycosylation)TTYLNVQR{Hex:5; HexNAc:4; Neu5Ac:2}",0,0,903796.937012
" QDQC(Carbamidomethyl)IYN(N-Glycosylation)TTYLNVQR{Hex:6; HexNAc:5; Neu5Ac:2}",3424624.65576,4745014.17139,3878207.5957
" QDQC(Carbamidomethyl)IYN(N-Glycosylation)TTYLNVQR{Hex:6; HexNAc:5; Neu5Ac:3}",30079546.916,35252331.3464,33971481.6316
" QDQC(Carbamidomethyl)IYN(N-Glycosylation)TTYLNVQR{Hex:7; HexNAc:6; Neu5Ac:2}",11584322.0283,14972400.688,12811638.0513
" QDQC(Carbamidomethyl)IYN(N-Glycosylation)TTYLNVQR{Hex:7; HexNAc:6; Neu5Ac:3}",11212309.9351,12645494.0837,11955683.8833
" QDQC(Carbamidomethyl)IYN(N-Glycosylation)TTYLNVQR{Hex:7; HexNAc:6; Neu5Ac:4}",30581004.4814,38507192.8696,36384649.0896
" QDQC(Carbamidomethyl)IYN(N-Glycosylation)TTYLNVQR{Hex:8; HexNAc:7; Neu5Ac:3}",0,4446780.08496,4255711.58594
" QDQC(Carbamidomethyl)IYN(N-Glycosylation)TTYLNVQR{Hex:8; HexNAc:7; Neu5Ac:4}",3307756.44336,4207904.42847,4032533.04297
" SVQEIQATFFYFTPN(N-Glycosylation)K{Fuc:1; Hex:6; HexNAc:5; Neu5Ac:3}",25970690.1113,24324142.3081,21204752.4629
" SVQEIQATFFYFTPN(N-Glycosylation)K{Fuc:1; Hex:7; HexNAc:6; Neu5Ac:2}",7237130.84521,7937002.15649,6462856.89648
" SVQEIQATFFYFTPN(N-Glycosylation)K{Fuc:1; Hex:7; HexNAc:6; Neu5Ac:3}",16763373.6221,15888236.7129,14002791.5806
" SVQEIQATFFYFTPN(N-Glycosylation)K{Fuc:1; Hex:7; HexNAc:6; Neu5Ac:4}",2967103.51953,2830734.98364,0
" SVQEIQATFFYFTPN(N-Glycosylation)K{Hex:5; HexNAc:4; Neu5Ac:2}",17684336.7783,9349683.56128,24710459.7517
" SVQEIQATFFYFTPN(N-Glycosylation)K{Hex:6; HexNAc:5; Neu5Ac:1}",1394585.64746,872426.514648,1787043.88818
" SVQEIQATFFYFTPN(N-Glycosylation)K{Hex:6; HexNAc:5; Neu5Ac:2}",28260096.6147,28868553.2358,25179362.9199
" SVQEIQATFFYFTPN(N-Glycosylation)K{Hex:6; HexNAc:5; Neu5Ac:3}",0,154832075.421,137631068.68
" SVQEIQATFFYFTPN(N-Glycosylation)K{Hex:7; HexNAc:6; Neu5Ac:2}",55834743.71,59941324.5732,50208374.6802
" SVQEIQATFFYFTPN(N-Glycosylation)K{Hex:7; HexNAc:6; Neu5Ac:3}",107062458.624,0,96713125.4891
" SVQEIQATFFYFTPN(N-Glycosylation)K{Hex:7; HexNAc:6; Neu5Ac:4}",49812262.7419,52214170.5918,0
" SVQEIQATFFYFTPN(N-Glycosylation)K{Hex:8; HexNAc:7; Neu5Ac:3}",6774297.49658,0,6160135.69824
" AALAAFNAQNN(N-Glycosylation)GSNFQLEEISR{Fuc:1; Hex:5; HexNAc:4; Neu5Ac:2}",9618612.54736,12436026.6367,8462986.08691
" AALAAFNAQNN(N-Glycosylation)GSNFQLEEISR{Hex:5; HexNAc:4; Neu5Ac:2}",94070601.1643,95597388.8311,84672190.1833
" AALAAFNAQNN(N-Glycosylation)GSNFQLEEISR{Hex:6; HexNAc:5; Neu5Ac:3}",8864572.94824,10257125.2344,0
" KVC(Carbamidomethyl)QDC(Carbamidomethyl)PLLAPLN(N-Glycosylation)DTR{Hex:5; HexNAc:4; Neu5Ac:2}",8566950.25293,9493144.57227,9752882.78894
" VC(Carbamidomethyl)QDC(Carbamidomethyl)PLLAPLN(N-Glycosylation)DTR{Fuc:1; Hex:6; HexNAc:5; Neu5Ac:3}",5284623.93262,7306582.94238,5066585.02734
" VC(Carbamidomethyl)QDC(Carbamidomethyl)PLLAPLN(N-Glycosylation)DTR{Hex:4; HexNAc:3; Neu5Ac:1}",2634745.26489,2677676.23047,0
" VC(Carbamidomethyl)QDC(Carbamidomethyl)PLLAPLN(N-Glycosylation)DTR{Hex:5; HexNAc:4; Neu5Ac:1}",2481148.68457,0,0
" VC(Carbamidomethyl)QDC(Carbamidomethyl)PLLAPLN(N-Glycosylation)DTR{Hex:5; HexNAc:4; Neu5Ac:2}",193301316.571,200346477.518,181004793.443
" VC(Carbamidomethyl)QDC(Carbamidomethyl)PLLAPLN(N-Glycosylation)DTR{Hex:6; HexNAc:5; Neu5Ac:3}",16404457.2358,22106289.6357,16011206.3057
" C(Carbamidomethyl)GLVPVLAENYN(N-Glycosylation)K{Hex:5; HexNAc:4; Neu5Ac:2}",29133930.4209,9528918.70337,45979459.3901
" C(Carbamidomethyl)GLVPVLAENYN(N-Glycosylation)K{Hex:6; HexNAc:5; Neu5Ac:1}",729962.993164,0,0
" IMNGEADAMSLDGGFVYIAGKC(Carbamidomethyl)GLVPVLAENYN(N-Glycosylation)K{Hex:5; HexNAc:4; Neu5Ac:2}",954305.692383,0,0
" QQQHLFGSN(N-Glycosylation)VTDC(Carbamidomethyl)SGNFC(Carbamidomethyl)LFR{Fuc:1; Hex:5; HexNAc:4; Neu5Ac:2}",9395960.56445,11697942.3691,9319406.12305
" QQQHLFGSN(N-Glycosylation)VTDC(Carbamidomethyl)SGNFC(Carbamidomethyl)LFR{Hex:5; HexNAc:4; Neu5Ac:2}",119489322.159,145804093.217,124065694.463
" ALPQPQN(N-Glycosylation)VTSLLGC(Carbamidomethyl)TH{Hex:5; HexNAc:4; Neu5Ac:2}",9357279.69922,5379216.51172,9333030.62988
" C(Carbamidomethyl)SDGWSFDATTLDDN(N-Glycosylation)GTMLFFK{Hex:5; HexNAc:4; Neu5Ac:2}",1753103.81738,547735.486328,1370033.18262
" SWPAVGN(N-Glycosylation)C(Carbamidomethyl)SSALR{Hex:5; HexNAc:4; Neu5Ac:2}",7715291.4884,8922990.48389,8586532.43384
" NPN(N-Glycosylation)ATSSSSQDPESLQDR{Hex:5; HexNAc:4; Neu5Ac:2}",0,656802.414307,557671.991211
" NPN(N-Glycosylation)ATSSSSQDPESLQDR{Hex:6; HexNAc:5; Neu5Ac:3}",1115270.31873,1008143.37598,1128784.66846
" QNQC(Carbamidomethyl)FYN(N-Glycosylation)SSYLNVQR{Fuc:1; Hex:7; HexNAc:6; Neu5Ac:4}",0,0,1564221.90332
" QNQC(Carbamidomethyl)FYN(N-Glycosylation)SSYLNVQR{Hex:7; HexNAc:6; Neu5Ac:3}",6326743.76074,8355828.854,7286998.14258
